id_transaccion,customer_id,monto,fecha,region,id_tienda,edad,preferencias,geolocalizacion,ingresos,puntos_lealtad,gastos_mensuales,segmento_cliente
10000,1927,0.46766345092935746,2025-04-01,mexico,13,63,Tecnologia,Vieja Kiribati,0.5048403249137643,0.9424792063332998,0.38713315969729906,Regular
9999,1064,0.6759050070929438,2026-02-01,mexico,45,59,Deportes,Nueva Singapur,0.7020696561700234,0.14039482914119653,0.6992678575090748,Regular
9998,1147,0.19618759320855678,2025-01-30,centro,16,52,Hogar,San Jos los bajos,0.7875152998776009,0.9207335404349133,0.8231373433686757,Regular
9997,507,0.9364544980580288,2024-08-17,mexico,17,38,Deportes,Vieja Noruega,0.024012462445754973,0.7750275578715302,0.34587067533479626,Regular
9996,1551,0.05351232070614196,2024-07-19,mexico,43,62,Deportes,San Jonás de la Montaña,0.8362078557916991,0.9984968433710792,0.10498144008531408,Regular
9995,49,0.039184978317012155,2025-01-27,centro,22,39,Tecnologia,San Fernando de la Montaña,0.3688883943473906,0.5190900891872933,0.2279075490658518,Regular
9994,1548,0.4537907844270478,2024-10-22,mexico,43,36,Moda,San Rocío los altos,0.29569377990430623,0.16113839062030264,0.3650868521974529,Regular
9993,1543,0.9654688819823061,2025-09-23,centro,16,23,Hogar,Vieja Zambia,0.28686992322243243,0.4750977051808798,0.25171756116568567,Premium Joven
9992,583,0.3888125482461635,2026-03-01,centro,23,56,Tecnologia,San Linda los altos,0.7645933014354067,0.8805491532217656,0.7278152621972477,Regular
9991,575,0.6663871251955106,2024-06-23,norte,33,24,Deportes,San Amador de la Montaña,0.8674752420162457,0.16634933360056117,0.7032054305695125,Premium Joven
9990,1950,0.33505167138855996,2026-04-29,mexico,40,63,Tecnologia,San Arturo los bajos,0.47010125737175923,0.8220262551357851,0.730419802711183,Regular
9989,666,0.21490003192835117,2026-04-14,sur,42,22,Hogar,Nueva Rwanda,0.10577500834538778,0.49233390119250425,0.8236295400012305,Premium Joven
9988,1760,0.22993666870092025,2024-09-23,mexico,1,69,Hogar,Nueva Georgia,0.8938577945921886,0.9698366569796573,0.6964377268718852,Regular
9987,147,0.5186962724660407,2025-12-15,mexico,13,66,Hogar,Vieja Malta,0.3151774785801713,0.4572602465176871,0.5999671868911629,Regular
9986,1976,0.2071907496696022,2025-09-27,norte,15,38,Hogar,Nueva Bangladesh,0.08148436630688774,0.7658081972141497,0.8641742376079243,Regular
9985,878,0.8342534626094759,2025-08-11,mexico,12,38,Tecnologia,Vieja Sierra Leona,0.2979748525648158,0.5829241406954604,0.1691310678616107,Regular
9984,922,0.3773203626090717,2025-01-09,mexico,45,33,Deportes,Vieja Líbano,0.590174696784244,0.5527607976751178,0.9486679928631487,Regular
9983,1050,0.792932518015269,2026-01-13,norte,20,47,Hogar,San Patricio de la Montaña,0.10647602091910538,0.649764505461469,0.8604417464777178,Regular
9982,583,0.6476948942929083,2025-07-03,centro,47,56,Tecnologia,San Linda los altos,0.7645933014354067,0.8805491532217656,0.7278152621972477,Regular
9981,1488,0.24481366371767255,2026-04-18,centro,24,28,Hogar,Nueva Bélgica,0.36387003449426947,0.14400240505060627,0.599803121346978,Premium Joven
9980,743,0.2825578246688949,2024-12-16,sur,30,60,Tecnologia,San Marco Antonio los bajos,0.0,0.8940775628820523,0.9747544143885482,Regular
9979,952,0.061555031948558984,2024-07-28,norte,3,33,Deportes,San Sessa los bajos,0.8837543117836876,0.040585228980859804,0.5471175734706014,Regular
9978,1415,0.6937060732573789,2024-07-12,centro,46,60,Hogar,Nueva Omán,0.5705352175364415,0.07004709890770619,0.48054797891757756,Regular
9977,1301,0.17787729005088326,2025-11-21,norte,12,35,Deportes,Nueva Bahamas,0.945365527984867,0.15733039382703679,0.895223641844917,Regular
9976,1134,0.024691931826907924,2026-02-15,norte,47,20,Tecnologia,Nueva Guinea,0.07874707911427617,0.0631325784146708,0.08558068948544943,Regular
9975,880,0.52210937278977,2024-06-17,mexico,11,23,Hogar,San Flavio los bajos,0.4332702792923111,0.27227177071850883,0.351469412030106,Premium Joven
9974,1216,0.5902076959450994,2025-03-20,norte,20,38,Hogar,San Laura de la Montaña,0.9837988205185269,0.3691752680629321,0.4551793441479871,Regular
9973,377,0.0038293813578844822,2024-11-07,mexico,5,57,Tecnologia,San Victoria de la Montaña,0.9495159675086235,0.2689648261348832,0.599249400135354,Regular
9972,1948,0.5540599525520452,2025-08-04,norte,42,45,Moda,San Liliana los bajos,0.1194058083898965,0.6255135785148812,0.2029285699637005,Regular
9971,430,0.2703725109021174,2025-10-14,norte,40,31,Deportes,San Benjamín los altos,0.6424724602203182,0.19561078264355145,0.8157543938803551,Regular
9970,447,0.845848708114247,2024-09-15,norte,3,48,Deportes,San Araceli los bajos,0.7684099254478691,0.25222968233289905,0.9720473329094973,Regular
9969,1174,0.004092082981380519,2024-07-23,mexico,50,40,Moda,Nueva Antigua y Barbuda,0.24001335262045173,0.928349534021445,0.9101741145587662,Regular
9968,1173,0.4610817648699223,2025-11-20,norte,9,57,Moda,San Mercedes los altos,0.08271948369867588,0.2738751377893576,0.8763561042636533,Regular
9967,1907,0.26061011441666093,2025-09-19,mexico,26,42,Moda,Nueva Vietman,0.2318126182263269,0.025152820923940274,0.5926252537888886,Regular
9966,1242,0.11194524489853654,2025-02-02,sur,6,26,Tecnologia,Vieja Côte d'Ivoire,0.8234227217091354,0.43160637338410657,0.7041282992555525,Regular
9965,1209,0.3445210545247323,2025-04-07,norte,31,64,Tecnologia,Vieja Egipto,0.9168465561366419,0.42679627217156024,0.9157728512540759,Regular
9964,1554,0.18479038431226735,2025-02-12,mexico,1,41,Deportes,Vieja Somalia,0.21337487481918324,0.4738951798777432,0.6135436106724635,Regular
9963,1409,0.9939154262434878,2025-03-29,sur,35,40,Deportes,Vieja República Unida de Tanzanía,0.2764326249026371,0.8810502054314059,0.7447550296343388,Regular
9962,784,0.7282250665847576,2025-07-18,centro,34,52,Deportes,San Héctor los bajos,0.39307889173250254,0.627217156027658,0.2657451651934948,Regular
9961,1704,0.9363231472462806,2024-12-24,mexico,50,46,Deportes,San Mateo los altos,0.6274062534772449,0.3111534221865918,0.15483685732450114,Regular
9960,633,0.7486450658572762,2024-08-05,mexico,35,64,Hogar,Vieja Ucrania,0.2672749527094692,0.7864515482513278,0.02389204487192633,Regular
9959,1866,0.8430155721439281,2024-06-20,sur,2,61,Hogar,San Gerardo los altos,0.954289529320129,0.8429702374987473,0.6200241996677672,Regular
9958,1341,0.2715445642992535,2025-04-08,mexico,28,66,Hogar,Vieja Eslovenia,0.9557805719372428,0.6102815913418178,0.497180123459322,Regular
9957,414,0.35896964381701413,2025-05-19,centro,24,43,Deportes,Nueva Mauricio,0.8823077779014131,0.9494939372682634,0.05436721970427186,Regular
9956,1744,0.6729041462399314,2025-09-13,sur,42,58,Moda,San Diego los bajos,0.8500278179592745,0.7824431305742058,0.8886610200775209,Regular
9955,895,0.9485832299366687,2024-08-23,mexico,42,31,Deportes,Nueva Chile,0.017447424056971195,0.19460867822427097,0.5472406226287401,Regular
9954,1569,0.7936741449062155,2024-12-02,norte,8,68,Moda,Nueva Afganistán,0.0028263046622899746,0.43741857901593345,0.5680564385471996,Regular
9953,1616,0.3832493361732052,2025-12-03,sur,44,50,Moda,San Dulce de la Montaña,0.20787804606654056,0.14450345726024652,0.46245975267119216,Regular
9952,309,0.6148107133763625,2026-05-31,centro,34,66,Moda,Vieja Turquía,0.7787915878491154,0.2744764004409259,0.2452369721703821,Regular
9951,1262,0.3806041329027721,2025-12-10,mexico,3,39,Moda,Vieja Tuvalu,0.9322910871258485,0.77452650566189,0.7150796743298947,Regular
9950,1929,0.09291958501226613,2026-02-05,centro,15,65,Hogar,Nueva Somalia,0.3828863914543229,0.45836256137889564,0.508295564077849,Regular
9949,1054,0.1734335910503619,2025-02-02,mexico,46,33,Tecnologia,San Isabel de la Montaña,0.08758206297985979,0.7871530213448241,0.8684399417567318,Regular
9948,167,0.02242259395624603,2025-03-07,mexico,39,33,Deportes,Nueva Italia,0.6789584956047624,0.016935564685840267,0.3533356575952093,Regular
9947,1524,0.5863136495722004,2026-05-19,sur,41,25,Tecnologia,Vieja Dominicana,0.9514854790252587,0.713197715201924,0.38241627530198313,Premium Joven
9946,1333,0.722518379009736,2025-03-16,sur,18,34,Moda,San Sara de la Montaña,0.7330254812506954,0.0776630924942379,0.8648099915916407,Regular
9945,255,0.32161751451931664,2026-03-16,centro,34,44,Tecnologia,Vieja Haití,0.12683876710804495,0.6831345826235093,0.39648489571583845,Regular
9944,685,0.07649871276204487,2025-12-27,centro,49,43,Moda,Nueva San Marino,0.15769444753532882,0.8203226776230083,0.8001066426037201,Regular
9943,67,0.315213657251171,2025-04-12,centro,48,63,Hogar,San Estela los bajos,0.2603760988093914,0.08948792464174767,0.995447181148869,Regular
9942,893,0.24667480368105593,2025-08-15,sur,19,68,Moda,Nueva Botswana,0.35073995771670186,0.46036677021745664,0.4179774820040606,Regular
9941,1318,0.7377934680251709,2025-01-05,centro,48,56,Hogar,San María del Carmen de la Montaña,0.6315010570824524,0.6097805391321776,0.5048501876499661,Regular
9940,109,0.9146138892369124,2024-11-22,mexico,31,25,Deportes,Nueva Liechtenstein,0.3131968398798264,0.025553662691652473,0.009126145895285168,Premium Joven
9939,1110,0.2208977120709375,2025-10-06,mexico,23,48,Tecnologia,San Eva de la Montaña,0.8333926783131189,0.8788455757089888,0.49877976251512474,Regular
9938,704,0.6578028444523479,2024-08-06,mexico,41,62,Hogar,Vieja Argentina,0.12916434850339378,0.06283194708888666,0.8874920530752035,Regular
9937,2,0.7308702698551908,2024-09-22,mexico,20,24,Tecnologia,Nueva Papua Nueva Guinea,0.06891064871481029,0.9786551758693256,0.8424355530034248,Premium Joven
9936,713,0.18220782527512944,2025-07-01,mexico,35,35,Deportes,San Samuel los bajos,0.3671525536886614,0.22497244212846979,0.16023051208957978,Regular
9935,684,0.243546633579734,2025-05-18,mexico,50,34,Tecnologia,Vieja China,0.16078780460665407,0.9934863212746767,0.34451713459527084,Regular
9934,1193,0.04765609528389962,2024-09-09,mexico,8,46,Moda,Nueva Albania,0.307177033492823,0.11484116644954405,0.7531428805807919,Regular
9933,126,0.8276596518597255,2026-05-16,mexico,18,44,Hogar,Vieja República Dominicana,0.4962278847223768,0.4066539733440224,0.5543774738007834,Regular
9932,1760,0.45474055183507184,2025-07-28,norte,28,69,Hogar,Nueva Georgia,0.8938577945921886,0.9698366569796573,0.6964377268718852,Regular
9931,282,0.7033330773676488,2024-08-23,norte,47,66,Tecnologia,San Noelia los bajos,0.31666852119728495,0.31756689046998693,0.7340702610692971,Regular
9930,635,0.701900343128736,2024-09-10,centro,13,24,Moda,Nueva Uganda,0.9332480249248916,0.3325984567591943,0.20750189700785465,Premium Joven
9929,824,0.5990203250225317,2025-07-11,mexico,29,69,Deportes,Vieja Swazilandia,0.5182040725492378,0.3925243010321675,0.02260002871147023,Regular
9928,170,0.7324404172510093,2025-12-05,mexico,16,24,Moda,Nueva Tayikistán,0.6789584956047624,0.0323679727427598,0.9688275466048686,Premium Joven
9927,981,0.8099980196339152,2026-03-28,sur,31,52,Moda,Nueva Australia,0.7522643818849449,0.7159033971339813,0.808289411619942,Regular
9926,453,0.4060882111636065,2025-04-29,sur,36,57,Moda,San Carolina de la Montaña,0.5697006787582063,0.8107024751979156,0.037037796599741594,Regular
9925,495,0.6666174943114994,2024-06-10,mexico,14,39,Tecnologia,San Cecilia los altos,0.32105263157894737,0.24381200521094298,0.40616476282274766,Regular
9924,967,0.21022798459356015,2025-09-07,sur,15,18,Moda,Vieja Niger,0.7553799933236898,0.5212947189097104,0.21808412460778082,Premium Joven
9923,1272,0.7140492828245678,2025-11-24,norte,38,23,Moda,San Olga de la Montaña,0.7712028485590297,0.8585028559975949,0.9753696601792415,Premium Joven
9922,488,0.3301007561765193,2024-06-14,norte,4,19,Moda,San Enrique de la Montaña,0.4385668187381774,0.6194007415572702,0.09482988453887327,Premium Joven
9921,436,0.15229621426752724,2025-06-18,mexico,24,36,Deportes,Nueva Albania,0.42353399354623344,0.6725122757791362,0.5212567420684563,Regular
9920,574,0.41615574568866215,2025-09-12,mexico,7,34,Tecnologia,Vieja Sri Lanka,0.5878713697563147,0.348431706583826,0.22866635220770698,Regular
9919,758,0.4200558544067187,2025-02-08,mexico,42,57,Hogar,San Andrea los bajos,0.1615889618337599,0.8357550856799278,0.5181394967289431,Regular
9918,679,0.09906680300207331,2026-03-23,centro,40,38,Tecnologia,San Claudia de la Montaña,0.09699566039835317,0.7247219160236497,0.07058920038555402,Regular
9917,1812,0.26671287520864567,2026-04-14,mexico,18,44,Hogar,San Salvador de la Montaña,0.9378991877155891,0.30343721815813207,0.8564426488382108,Regular
9916,813,0.32069603805536134,2025-01-02,mexico,31,49,Moda,San Ángel de la Montaña,0.6886391454322911,0.44693857099909806,0.9623469576095649,Regular
9915,26,0.7080657481540159,2024-12-12,mexico,19,40,Moda,Nueva Omán,0.2459663959051964,0.9104118649163242,0.13697422120136993,Regular
9914,1167,0.3216437846816662,2025-06-27,sur,9,63,Hogar,San Enrique los bajos,0.9070880160231445,0.8482813909209339,0.8353397182174278,Regular
9913,731,0.468243415282768,2026-03-17,centro,9,18,Tecnologia,San Javier los altos,0.8168576833203516,0.6615893376089789,0.24665203748897685,Premium Joven
9912,127,0.014693103880305055,2026-03-18,mexico,48,21,Tecnologia,Vieja Grecia,0.2928897296094358,0.9187293315963523,0.8997969688890711,Regular
9911,804,0.4384267810159682,2024-08-17,mexico,17,34,Moda,Nueva India,0.2951040391676867,0.011223569495941476,0.890670822993786,Regular
9910,1216,0.6704206055070343,2025-09-19,mexico,2,38,Hogar,San Laura de la Montaña,0.9837988205185269,0.3691752680629321,0.4551793441479871,Regular
9909,284,0.009228910111587564,2024-11-30,sur,22,47,Tecnologia,Vieja Swazilandia,0.36050962501390893,0.5439422787854494,0.526465823096327,Regular
9908,1023,0.30576246115047145,2024-06-23,mexico,48,30,Hogar,San Pamela de la Montaña,0.9314009124290641,0.20342719711393928,0.10176165378068537,Regular
9907,631,0.6382598644459623,2025-11-13,norte,30,66,Moda,San Elsa de la Montaña,0.6768220763324803,0.5762100410862812,0.11197473390619551,Regular
9906,527,0.03760472701259755,2026-05-30,norte,39,34,Deportes,Nueva Sri Lanka,0.9367864693446089,0.7605972542338911,0.2924673407026107,Regular
9905,1543,0.5248111579483408,2026-02-03,centro,49,23,Hogar,Vieja Zambia,0.28686992322243243,0.4750977051808798,0.25171756116568567,Premium Joven
9904,1537,0.9635026613695241,2025-11-17,mexico,1,50,Tecnologia,San Jaime los altos,0.84180482919773,0.9143200721515181,0.8288796374151473,Regular
9903,666,0.6776307546811408,2026-03-01,centro,23,22,Hogar,Nueva Rwanda,0.10577500834538778,0.49233390119250425,0.8236295400012305,Premium Joven
9902,1598,0.14529218482877915,2025-02-10,centro,25,40,Deportes,Vieja Singapur,0.4072771781462112,0.2852991281691552,0.7015237587416172,Regular
9901,495,0.5212384158687947,2024-06-24,mexico,19,39,Tecnologia,San Cecilia los altos,0.32105263157894737,0.24381200521094298,0.40616476282274766,Regular
9900,201,0.8078681157018781,2025-03-10,mexico,37,70,Hogar,San Sonia los bajos,0.002503616334705694,0.3471289708387614,0.6153893480445437,Regular
9899,131,0.8322326808902756,2026-05-31,norte,7,66,Tecnologia,San María Teresa de la Montaña,0.642094135974185,0.1796773223769917,0.21351079756362668,Regular
9898,1696,0.584826354226869,2024-12-12,mexico,28,67,Tecnologia,Vieja Chad,0.7453544008011572,0.9542038280388816,0.5433440659543487,Regular
9897,481,0.6736558770394739,2025-12-08,sur,47,57,Hogar,Nueva Italia,0.07509736285746077,0.7219160236496642,0.09597834334816759,Regular
9896,1567,0.6765455948979303,2024-08-31,mexico,30,18,Tecnologia,Nueva Colombia,0.7862801824858129,0.2108427698166149,0.7418223580320337,Premium Joven
9895,1926,0.09177582255919879,2026-05-09,mexico,42,37,Hogar,Vieja Filipinas,0.855991988427729,0.9522998296422487,0.23139394187978096,Regular
9894,1737,0.0569193586847136,2024-08-02,sur,33,40,Hogar,San Guillermina los altos,0.3079893179036386,0.7991782743761899,0.11884497856893829,Regular
9893,1921,0.2284998928985689,2025-01-19,sur,7,61,Tecnologia,Nueva Angola,0.3559697340603093,0.3945285098707285,0.9384138963515923,Regular
9892,501,0.7873632435971532,2025-11-25,mexico,7,56,Deportes,Nueva República de Macedonia del Norte,0.03164571047067988,0.2292814911313759,0.35073111708127397,Regular
9891,1492,0.6416891310234452,2025-11-23,sur,49,70,Moda,San Jonás los altos,0.42256592856348063,0.9485920432909108,0.3614569020323619,Regular
9890,1229,0.37606545716144835,2025-09-14,centro,29,32,Moda,Vieja Bahamas,0.514409702904195,0.31385910411864915,0.9528926806259099,Regular
9889,277,0.19045059390774727,2024-07-05,mexico,44,23,Moda,San Teresa de la Montaña,0.7038500055635919,0.649664295019541,0.8155903283361702,Regular
9888,1718,0.38573893925125996,2024-10-21,centro,42,20,Moda,Vieja Italia,0.5835317681094915,0.5910411864916324,0.6588051926744733,Premium Joven
9887,1567,0.2057277037049012,2025-08-01,mexico,10,18,Tecnologia,Nueva Colombia,0.7862801824858129,0.2108427698166149,0.7418223580320337,Premium Joven
9886,1822,0.45819002622974675,2024-12-18,mexico,1,41,Hogar,San Clara los bajos,0.34894848113942356,0.20302635534622707,0.37987325936711713,Regular
9885,1927,0.6628325701514374,2026-01-05,norte,36,63,Tecnologia,Vieja Kiribati,0.5048403249137643,0.9424792063332998,0.38713315969729906,Regular
9884,660,0.44989067570899127,2024-10-28,norte,45,28,Hogar,Vieja Chipre,0.07256036497162568,0.49323579516985666,0.32191710588380057,Premium Joven
9883,649,0.8173172910208585,2025-09-18,mexico,20,32,Moda,Nueva Angola,0.3639813063313675,0.7736246116845374,0.8755152683497056,Regular
9882,1809,0.061597468364662185,2024-10-29,mexico,44,64,Hogar,San Angélica los bajos,0.8695226438188495,0.45976550756588835,0.41241976169479705,Regular
9881,890,0.2237934922745515,2025-08-18,mexico,31,52,Moda,San Aurelio los altos,0.42557026816512744,0.6133881150415873,0.7001702180020918,Regular
9880,204,0.8504237579265163,2024-07-29,centro,6,25,Moda,Vieja República Árabe Siria,0.9630132413486145,0.5545645856298226,0.9309489140911793,Premium Joven
9879,1082,0.927908612167531,2025-07-16,mexico,19,45,Deportes,Nueva Comoras,0.5862245465672639,0.8411664495440424,0.2084452738869178,Regular
9878,197,0.27756245225903187,2026-03-20,sur,23,18,Tecnologia,San Martha los altos,0.20067875820629796,0.18999899789558072,0.8383954389778716,Premium Joven
9877,278,0.41314478092705376,2025-12-19,mexico,24,64,Moda,San Fernando los bajos,0.576043173472794,0.5108728329491933,0.4975082545476918,Regular
9876,1406,0.14771914367353864,2024-08-23,mexico,20,19,Hogar,Vieja Azerbaiyán,0.5021809280071214,0.48211243611584326,0.4464428539201411,Regular
9875,279,0.8082076070307037,2025-04-10,norte,14,53,Hogar,San Wendolin los bajos,0.43190163569600537,0.9999999999999999,0.04198027111831176,Regular
9874,999,0.7870075860145739,2026-03-07,mexico,9,70,Deportes,San Elvira de la Montaña,0.23351507733392676,0.8055917426595851,0.6163122167305838,Regular
9873,1115,0.8649693447413197,2025-03-16,sur,27,42,Hogar,San Hernán los bajos,0.4358295315455658,0.005912416073754885,0.9663050388630257,Regular
9872,869,0.9254291129980721,2024-12-04,mexico,21,46,Deportes,Nueva Comoras,0.8983976855457882,0.6754183785950496,0.2801419166957199,Regular
9871,137,0.8380747608404835,2025-03-05,mexico,2,61,Tecnologia,San Juan Carlos de la Montaña,0.6506398130633136,0.5189898787453653,0.8227887040872828,Regular
9870,1809,0.7303509289533563,2025-09-04,sur,29,64,Hogar,San Angélica los bajos,0.8695226438188495,0.45976550756588835,0.41241976169479705,Regular
9869,1288,0.6616059556478828,2025-03-21,mexico,32,60,Tecnologia,Vieja Albania,0.5877934794703461,0.4853191702575408,0.995836836816308,Regular
9868,1463,0.21681371221643378,2025-07-19,mexico,42,62,Deportes,San Eugenio los altos,0.3439301212863024,0.16654975448441728,0.44139783843645536,Regular
9867,550,0.7339741905758823,2025-12-20,mexico,7,64,Tecnologia,Nueva Namibia,0.9216534994992767,0.25132778835554664,0.520477430733578,Regular
9866,1579,0.5126298857450016,2025-06-02,sur,28,52,Deportes,Nueva Líbano,0.7176032046289084,0.09069044994488426,0.7308914911507146,Regular
9865,1908,0.3034567492088639,2024-07-26,mexico,44,36,Moda,San Martha los altos,0.2033047735618115,0.034472392023248824,0.07464982260413035,Regular
9864,1747,0.532916513424053,2026-02-13,mexico,29,33,Hogar,Nueva Guyana,0.011538889507065761,0.24150716504659786,0.029839420848629027,Regular
9863,50,0.775778102000978,2025-04-24,mexico,3,57,Moda,Vieja Kazajstán,0.001557805719372432,0.4961418979857701,0.5863907631098623,Regular
9862,1281,0.10575559049262616,2025-07-29,sur,5,50,Deportes,San Felix los bajos,0.9832313341493268,0.4190800681431005,0.4023502389204487,Regular
9861,211,0.08604488560354687,2024-09-15,sur,40,34,Deportes,San Gustavo de la Montaña,0.4742516968955157,0.7716204028459765,0.2297737946309551,Regular
9860,1012,0.16555456312720013,2025-02-14,mexico,37,40,Deportes,Nueva Fiji,0.1762434627795705,0.45996592844974443,0.30659748569553535,Regular
9859,1052,0.7731591688928945,2026-03-24,centro,25,19,Moda,Nueva Bélgica,0.05779459218871705,0.6570798677222166,0.8714956625171756,Premium Joven
9858,893,0.6486062668482676,2025-11-02,centro,19,68,Moda,Nueva Botswana,0.35073995771670186,0.46036677021745664,0.4179774820040606,Regular
9857,728,0.9722708332491341,2024-12-12,norte,31,18,Moda,San Ernesto los altos,0.06193390452876377,0.9943882152520293,0.5683230450565,Premium Joven
9856,124,0.8986072772391271,2025-01-21,mexico,4,53,Tecnologia,Vieja Pakistán,0.05771670190274841,0.4719911814811103,0.5401037714566969,Regular
9855,1780,0.888424558156077,2024-12-12,mexico,22,46,Deportes,Nueva Estados Unidos de América,0.950784466451541,0.6376390419881751,0.9080617706773856,Regular
9854,1675,0.1913740911534218,2026-05-14,sur,14,66,Deportes,Vieja Chile,0.42894180482919775,0.6431506162942178,0.6082114804864542,Regular
9853,866,0.5127935690642569,2024-09-29,centro,5,47,Moda,San Leonel de la Montaña,0.7619784132636029,0.368974847179076,0.31254486167223805,Regular
9852,103,0.3048268392144817,2024-12-03,mexico,23,50,Moda,Vieja Turkmenistán,0.054156003115611445,0.10081170457961719,0.5659851110518651,Regular
9851,978,0.12904712058812828,2025-03-17,norte,43,51,Hogar,Nueva Georgia,0.20213641927228218,0.19330594247920632,0.8882508562170587,Regular
9850,761,0.9478961641521406,2025-11-10,mexico,32,64,Moda,San Paola los bajos,0.818304217202626,0.040885860306643956,0.3976538627181559,Regular
9849,1390,0.48257277845361696,2024-06-30,mexico,48,50,Moda,Nueva Liechtenstein,0.6284410815622566,0.9931856899488927,0.1609072824593425,Regular
9848,333,0.8303978110892418,2025-01-12,centro,42,57,Tecnologia,San Jaime los bajos,0.10890174696784244,0.8820523098506864,0.7626381739504932,Regular
9847,312,0.2984512728904049,2025-07-16,mexico,37,43,Moda,Nueva República Árabe Siria,0.8939690664292868,0.5446437518789458,0.6613892249953855,Regular
9846,1795,0.7008394327261558,2026-05-26,sur,32,48,Moda,San Aldo los bajos,0.9421831534438634,0.4829141196512676,0.674206845634831,Regular
9845,1260,0.927819697771886,2026-04-03,sur,33,35,Moda,Vieja Argelia,0.17932569266718593,0.8570999098106022,0.8565246816103033,Regular
9844,676,0.764253583856379,2025-02-20,norte,17,70,Hogar,San Anel los bajos,0.7688661399799711,0.11654474396232087,0.8835134636287196,Regular
9843,717,0.672546467875633,2024-11-03,mexico,39,24,Tecnologia,Vieja Mali,0.18178480026705243,0.7311353843070447,0.0877750661389225,Premium Joven
9842,1718,0.73157956423863,2024-08-19,norte,18,20,Moda,Vieja Italia,0.5835317681094915,0.5910411864916324,0.6588051926744733,Premium Joven
9841,1621,0.8413746973879375,2024-07-29,mexico,37,69,Tecnologia,Nueva Noruega,0.3460554133748748,0.5858302435113738,0.17468878817087424,Regular
9840,1881,0.23917568272110382,2026-05-14,centro,27,40,Tecnologia,San Antonia los altos,0.837965950817848,0.9389718408658182,0.8854617419659153,Regular
9839,382,0.5293356882176301,2024-12-27,mexico,20,66,Moda,Vieja Tailandia,0.4697006787582063,0.8325483515382303,0.6884805479789176,Regular
9838,316,0.12226739792021146,2025-09-12,centro,31,33,Tecnologia,San Helena los bajos,0.41487704462000674,0.1096302234692855,0.8535920100079981,Regular
9837,91,0.8286235647397838,2025-05-02,mexico,10,63,Deportes,San Ruby los bajos,0.8501390897963725,0.38540935965527606,0.01663214454174442,Regular
9836,1352,0.009732084759668429,2025-06-28,centro,28,26,Deportes,San Patricia los bajos,0.8274507622120841,0.29301533219761494,0.2007957178892968,Regular
9835,1596,0.6855320112032138,2024-12-15,sur,13,25,Tecnologia,San David los altos,0.24871481028151773,0.5084677823429201,0.7215807715182214,Premium Joven
9834,322,0.27793629687708393,2024-08-20,norte,44,48,Hogar,Nueva Bhután,0.06676310225881829,0.07906603868123059,0.27790652365620067,Regular
9833,1461,0.5030736089949035,2024-12-03,sur,13,69,Deportes,Vieja Mauritania,0.2703349282296651,0.9593145605772121,0.2946822255491069,Regular
9832,965,0.17679010948595353,2025-07-17,mexico,44,44,Moda,San Abigail de la Montaña,0.28376543896739737,0.21234592644553563,0.118250240971268,Regular
9831,201,0.1447182828205263,2024-10-28,centro,44,70,Hogar,San Sonia los bajos,0.002503616334705694,0.3471289708387614,0.6153893480445437,Regular
9830,766,0.4966313568740932,2025-08-10,sur,32,49,Hogar,San Ana Luisa los bajos,0.8919995549126516,0.842268764405251,0.0471893521461824,Regular
9829,1107,0.012173189076462339,2025-10-14,norte,28,40,Moda,San José Eduardo los altos,0.025158562367864706,0.9418779436817316,0.2644736572260618,Regular
9828,69,0.46681876417073176,2025-01-30,mexico,38,36,Moda,San Miriam los altos,0.7703683097807945,0.27327387513778933,0.7876376612456676,Regular
9827,167,0.09459885462092153,2025-08-30,centro,6,33,Deportes,Nueva Italia,0.6789584956047624,0.016935564685840267,0.3533356575952093,Regular
9826,777,0.539950854588589,2024-09-14,centro,45,35,Hogar,San Araceli de la Montaña,0.5125514632246578,0.9587132979256439,0.02071327495334386,Regular
9825,1368,0.90213758290257,2026-02-01,mexico,31,45,Tecnologia,San Elvira de la Montaña,0.8155891843774341,0.17216153923238803,0.006583129960419185,Regular
9824,126,0.7973661131071944,2025-07-20,sur,17,44,Hogar,Vieja República Dominicana,0.4962278847223768,0.4066539733440224,0.5543774738007834,Regular
9823,936,0.576852349562905,2026-03-29,mexico,6,65,Tecnologia,San Alma los bajos,0.8650940247023479,0.6176971640444934,0.7194479194438177,Regular
9822,975,0.43873393983728665,2026-05-05,mexico,19,35,Hogar,San María de la Montaña,0.5763547346166685,0.391522196612887,0.49199155062447447,Regular
9821,1668,0.9022669129325988,2026-03-30,mexico,18,32,Deportes,San Irene los bajos,0.9578279737398465,0.01272672612486221,0.12710978035725273,Regular
9820,1085,0.06159544758294299,2025-10-08,mexico,39,57,Hogar,Nueva Lituania,0.1587849115388895,0.8840565186892474,0.3792785217694469,Regular
9819,361,0.1684665095845677,2025-01-19,mexico,32,43,Tecnologia,San Pedro de la Montaña,0.7173584065872928,0.9594147710191402,0.11090830786899365,Regular
9818,283,0.3371472220313706,2025-11-14,centro,9,24,Tecnologia,San Clara los bajos,0.5548681428730389,0.1604369175268063,0.11794261807592134,Premium Joven
9817,1184,0.5381907537111656,2024-06-12,sur,16,66,Tecnologia,Vieja República Federal Democrática de Nepal,0.20557471903861133,0.16153923238801482,0.6087652016980784,Regular
9816,1759,0.5697270732210048,2025-01-05,mexico,35,60,Deportes,Vieja Omán,0.3736953377100256,0.1586331295721014,0.14249092512458728,Regular
9815,853,0.20626119007877008,2024-10-07,centro,11,39,Moda,San José Eduardo de la Montaña,0.2303104484255035,0.5534622707686141,0.24716474231455465,Regular
9814,761,0.3475299985046215,2025-01-11,mexico,11,64,Moda,San Paola los bajos,0.818304217202626,0.040885860306643956,0.3976538627181559,Regular
9813,617,0.2485339228627202,2025-06-03,mexico,44,50,Tecnologia,San Jaime los altos,0.30556359185490156,0.8412666599859705,0.6917003342835462,Regular
9812,489,0.7823537257152556,2025-11-09,mexico,42,19,Hogar,Nueva Estonia,0.8254033604094804,0.36366369375688945,0.7314452123623387,Premium Joven
9811,983,1.0000000000000002,2025-09-20,mexico,16,43,Tecnologia,Vieja Chipre,0.9475575831756982,0.8979857701172462,0.47741022538504135,Regular
9810,140,0.5558180326477494,2024-10-16,norte,50,62,Deportes,Vieja Angola,0.9517414042505841,0.23148612085379297,0.751686798876151,Regular
9809,1229,0.1930291113814468,2025-01-23,mexico,14,32,Moda,Vieja Bahamas,0.514409702904195,0.31385910411864915,0.9528926806259099,Regular
9808,1976,0.6217056206022737,2024-07-28,mexico,6,38,Hogar,Nueva Bangladesh,0.08148436630688774,0.7658081972141497,0.8641742376079243,Regular
9807,1498,0.21564974194617442,2024-08-13,mexico,41,60,Deportes,Nueva Ghana,0.08916212306665183,0.6902495240004008,0.19287955538237522,Regular
9806,1969,0.9139652183050492,2024-10-18,sur,6,51,Hogar,Nueva Haití,0.6416156670746634,0.22246718108026856,0.3055515678513566,Regular
9805,798,0.32819717979703267,2026-02-01,mexico,48,63,Tecnologia,Vieja Brunei Darussalam,0.5923222432402359,0.42328890670407854,0.6524681610303316,Regular
9804,112,0.6502956403655189,2026-03-20,sur,32,52,Deportes,Nueva Georgia,0.6808167352842995,0.18308447740254535,0.177190787719694,Regular
9803,1350,0.3853691361966463,2025-11-06,mexico,49,31,Tecnologia,San Gerardo de la Montaña,0.6249026371425392,0.15312155526605872,0.0654006275507065,Regular
9802,1418,0.28598911202809696,2024-12-24,mexico,25,33,Moda,Nueva Santa Lucía,0.9790141315233114,0.280789658282393,0.9251861118516846,Regular
9801,377,0.3642337801955308,2025-01-20,mexico,17,57,Tecnologia,San Victoria de la Montaña,0.9495159675086235,0.2689648261348832,0.599249400135354,Regular
9800,1611,0.2480267066512009,2026-06-05,sur,25,70,Deportes,San Judith los altos,0.010548570156893297,0.2422086381400942,0.47119624289903816,Regular
9799,94,0.08405441561013462,2025-06-14,mexico,16,62,Deportes,San Ángel de la Montaña,0.24892622677200402,0.038981861910011024,0.0288345193904965,Regular
9798,414,0.7948886347194548,2024-06-19,mexico,31,43,Deportes,Nueva Mauricio,0.8823077779014131,0.9494939372682634,0.05436721970427186,Regular
9797,1312,0.6541856451749795,2026-06-01,sur,47,34,Deportes,Vieja Burkina Faso,0.8633136753087793,0.8529912816915522,0.485367404278009,Regular
9796,1460,0.6431865302773725,2025-05-16,centro,29,36,Moda,Nueva Francia,0.6701123845554691,0.44313057420583224,0.42613974282725947,Regular
9795,153,0.2679556559659539,2024-10-10,mexico,45,55,Hogar,San Alta  Gracia de la Montaña,0.30479581617892515,0.18328489828640143,0.7411660958552941,Regular
9794,1640,0.6608117884322372,2024-10-12,mexico,40,45,Hogar,San Cristian de la Montaña,0.9255035050628686,0.9900791662491232,0.9879001661163633,Regular
9793,349,0.874095194985228,2025-10-05,centro,17,43,Hogar,San José Carlos de la Montaña,0.8111494380772226,0.8121054213849083,0.0,Regular
9792,471,0.9855857639969446,2024-11-20,mexico,8,47,Deportes,San Daniela los altos,0.354289529320129,0.9943882152520293,0.8389286519964725,Regular
9791,502,0.747331557739796,2026-03-02,norte,17,47,Tecnologia,Vieja Mali,0.33940135751641254,0.8522898085980559,0.6593999302721436,Regular
9790,758,0.046055636162293016,2025-02-17,mexico,35,57,Hogar,San Andrea los bajos,0.1615889618337599,0.8357550856799278,0.5181394967289431,Regular
9789,1733,0.9115584672774817,2026-04-03,norte,34,25,Moda,Vieja Federación de Rusia,0.2489929898742628,0.14700871830844775,0.5255224462172637,Premium Joven
9788,1069,0.8532407276430815,2024-08-13,sur,21,35,Moda,San Wendolin los altos,0.658929564927117,0.997995791161439,0.20157502922417503,Regular
9787,135,0.14577111009622962,2026-05-29,sur,32,47,Moda,Nueva Benin,0.9159341270724379,0.9179276480609279,0.6378253112118291,Regular
9786,1510,0.12688892571202243,2025-05-21,mexico,4,35,Tecnologia,Nueva Brasil,0.9845332146433738,0.6042689648261349,0.9376756014027603,Regular
9785,1604,0.2659672067542608,2025-02-13,sur,18,46,Tecnologia,Vieja Uganda,0.6128852787359519,0.2410061128369576,0.9209204077028772,Regular
9784,819,0.4568664142036705,2025-02-17,sur,34,58,Deportes,Vieja Bangladesh,0.714576610659842,0.1629421785750075,0.6837021390045322,Regular
9783,17,0.9169276843053967,2025-07-31,norte,46,19,Deportes,San José Luis los altos,0.22407922554801377,0.08337508768413669,0.19546358770328748,Premium Joven
9782,1683,0.877132429909186,2024-08-31,mexico,4,56,Moda,San María del Carmen los bajos,0.22990986981195058,0.7267261248622106,0.04081130411599433,Regular
9781,1392,0.34120293094180554,2025-02-27,sur,22,35,Hogar,Vieja Camboya,0.2683431623456103,0.45395330193406147,0.24173007116342982,Regular
9780,556,0.9851432128004396,2026-01-13,mexico,46,29,Moda,Nueva Fiji,0.22057416267942584,0.38520893877141993,0.18748590061729659,Premium Joven
9779,55,0.8491223744993514,2025-08-05,mexico,41,45,Moda,Nueva Argentina,0.48099477022365644,0.013628620102214651,0.13779454892229442,Regular
9778,846,0.23935957385755105,2025-12-01,centro,29,44,Hogar,Vieja Austria,0.17674418604651163,0.23038380599258443,0.2375669079797379,Regular
9777,1161,0.014955805503801088,2024-07-31,norte,39,27,Deportes,San Salma los bajos,0.8053966840992545,0.5947489728429702,0.10617091528065463,Regular
9776,621,0.8857793548856439,2024-10-23,norte,7,38,Moda,San Lucía los bajos,0.8842661622343385,0.22186591842870027,0.5511576874961547,Regular
9775,123,0.645876190745628,2025-02-12,centro,13,46,Moda,Nueva Federación de Rusia,0.49063091131634584,0.046096803286902494,0.40384733701113595,Regular
9774,383,0.68981202688448,2026-02-21,centro,3,26,Tecnologia,Nueva Malasia,0.9604206075442305,0.5117747269265457,0.764073747462111,Premium Joven
9773,1804,0.7115778667819859,2025-09-28,mexico,2,65,Moda,San Silvano los bajos,0.038333147880271506,0.42910111233590537,0.8016447570804536,Regular
9772,57,0.6853541824119243,2026-03-25,norte,47,35,Tecnologia,San Graciela los altos,0.30442861911650165,0.5565687944683836,0.5091363999917966,Regular
9771,1802,0.5414704824414276,2026-05-02,mexico,8,48,Tecnologia,San Marco Antonio los bajos,0.9725714921553354,0.9456859404749974,0.301798568528127,Regular
9770,796,0.41609916380052464,2024-12-31,sur,1,32,Tecnologia,San Guillermina de la Montaña,0.3545343273617447,0.5202926144904298,0.5248661840405241,Regular
9769,957,0.0650004647797954,2024-11-23,centro,32,40,Deportes,Nueva Omán,0.10170245910759987,0.9452850987072853,0.8058694448432148,Regular
9768,247,0.4575858124957058,2024-10-09,mexico,9,46,Moda,Nueva Granada,0.938188494492044,0.7750275578715302,0.609626545805049,Regular
9767,1733,0.8253802100804676,2025-01-18,mexico,27,25,Moda,Vieja Federación de Rusia,0.2489929898742628,0.14700871830844775,0.5255224462172637,Premium Joven
9766,1637,0.9249906033650056,2025-05-17,norte,49,62,Hogar,San Elias los altos,0.5736953377100256,0.5851287704178775,0.23213223682861306,Regular
9765,1818,0.40070282788193784,2024-09-13,norte,20,42,Moda,Vieja Palau,0.20711027039056415,0.8562982262751778,0.6823896146510531,Regular
9764,1206,0.2416026415658633,2026-04-18,mexico,41,28,Moda,Nueva Nigeria,0.7677311672415712,0.8961819821625413,0.3580935583765714,Premium Joven
9763,252,0.5365842322444014,2024-12-16,mexico,30,46,Hogar,Vieja Etiopía,0.9206520529653945,0.7322376991682533,0.07918213326223826,Regular
9762,420,0.7182909036531692,2024-08-09,sur,14,47,Moda,Vieja Niger,0.8324468676977856,0.8334502455155827,0.8325916203523307,Regular
9761,1852,0.01927825760117044,2024-09-23,norte,11,56,Tecnologia,Vieja Myanmar,0.0035050628685879687,0.6603868123058423,0.21878140317056666,Regular
9760,1553,0.6571420488301695,2024-09-16,mexico,50,64,Tecnologia,Vieja Kuwait,0.24903749860910204,0.9450846778234292,0.19921658702651707,Regular
9759,1451,0.03690553653775427,2025-04-10,centro,37,62,Deportes,Vieja Noruega,0.7587181484366307,0.9483916224070548,0.40673899222739485,Regular
9758,1142,0.5660209595479915,2025-06-05,mexico,46,22,Moda,San Sergio los altos,0.5356181150550796,0.6048702274777031,0.2957076352002625,Premium Joven
9757,1196,0.4897627198105315,2025-09-04,sur,12,66,Moda,Vieja Bosnia y Herzegovina,0.5730944697896962,0.5285098707285298,0.41662394126453517,Regular
9756,345,0.760268602306116,2025-11-07,centro,14,60,Moda,Nueva Etiopía,0.8554912651607878,0.014029461869926846,0.6610610939070157,Regular
9755,1720,0.40406136709924867,2026-01-02,mexico,5,18,Tecnologia,San Teresa de la Montaña,0.3700344942695004,0.9982964224872232,0.7494924222226779,Premium Joven
9754,1036,0.08946404827243369,2025-07-23,mexico,43,60,Tecnologia,Nueva Tonga,0.22729498164014686,0.7396532718709289,0.5808945673796682,Regular
9753,1316,0.8954366707217019,2025-06-07,mexico,2,70,Hogar,San David los altos,0.07609880939134306,0.15602765808197214,0.6118619388445683,Regular
9752,480,0.42264245500729497,2025-10-17,norte,47,50,Deportes,San Trinidad los bajos,0.16628463335929675,0.3654674817115943,0.7436475872110908,Regular
9751,367,0.3770132037877532,2026-02-13,mexico,18,64,Hogar,San Mauricio de la Montaña,0.33842216534994995,0.0549153221765708,0.8259264576198191,Regular
9750,1044,0.9958917507648658,2025-11-07,norte,41,43,Hogar,Nueva Malawi,0.9385223100033382,0.060627317366469584,0.8221324419105431,Regular
9749,1739,0.16033286316478665,2025-02-09,sur,1,64,Deportes,Nueva Congo,0.9527094692333371,0.4723920232488225,0.540862574598552,Regular
9748,1320,0.626915195874372,2026-05-30,centro,5,29,Hogar,San Porfirio de la Montaña,0.5576388116167798,0.9643250826736146,0.9850905436721971,Premium Joven
9747,567,0.09754515436751551,2025-06-29,sur,29,34,Tecnologia,Nueva Eritrea,0.35692667185935234,0.7578915723018338,0.7675601402760402,Regular
9746,879,0.0522169996241346,2026-03-30,mexico,43,55,Moda,Nueva Chile,0.5156336931122733,0.7313358051909009,0.9634338918397899,Regular
9745,1613,0.1908102930537649,2025-09-02,sur,34,63,Tecnologia,Vieja Rumania,0.3078669188828308,0.7471690550155325,0.35185906769754516,Regular
9744,744,0.7446075439823141,2025-03-23,mexico,4,20,Deportes,San Carmen los bajos,0.3845443418270835,0.6716103818017837,0.8718853181846147,Premium Joven
9743,549,0.6478484737035675,2025-07-12,norte,27,50,Hogar,San Gabino los bajos,0.4794592188717036,0.25443431205531614,0.3205225487582289,Regular
9742,444,0.5324173803394104,2025-09-13,centro,19,36,Moda,Vieja Benin,0.11314120396127741,0.4432307846477603,0.5147966612661757,Regular
9741,515,0.2589429694983207,2025-01-18,mexico,23,25,Tecnologia,San Florencia los altos,0.14433069989985534,0.08938771419981963,0.541395787617153,Premium Joven
9740,31,0.2699481467410853,2024-10-22,mexico,38,43,Moda,San Barbara los altos,0.42662735061755874,0.30814710892875036,0.13681015565718502,Regular
9739,1264,0.6581564812532079,2024-07-15,sur,36,44,Hogar,Vieja Kazajstán,0.8371425392233226,0.2094398236296222,0.7316297860995467,Regular
9738,223,0.0308189419995231,2026-04-04,norte,35,30,Tecnologia,Nueva Montenegro,0.569322354512073,0.7478705281090289,0.10266401427370235,Regular
9737,1760,0.7285403085329529,2024-08-15,mexico,6,69,Hogar,Nueva Georgia,0.8938577945921886,0.9698366569796573,0.6964377268718852,Regular
9736,647,0.11674460148163715,2026-03-12,mexico,35,59,Deportes,San Blanca de la Montaña,0.9286970067875822,0.11574306042689649,0.6211931666700846,Regular
9735,552,0.31599367899478237,2024-12-18,sur,34,35,Tecnologia,San Alejandro los altos,0.36392567041281854,0.1094298025854294,0.5511371793031316,Regular
9734,158,0.7908349465907392,2025-05-02,sur,1,19,Hogar,Vieja Guinea Bissau,0.752653833314788,0.7897584928349534,0.04007300916716228,Premium Joven
9733,1174,0.3235170493353649,2025-06-10,mexico,9,40,Moda,Nueva Antigua y Barbuda,0.24001335262045173,0.928349534021445,0.9101741145587662,Regular
9732,1517,0.3951901353519595,2024-09-25,norte,12,46,Moda,San Raquel de la Montaña,0.332257705574719,0.13889167251227577,0.5631549804146756,Regular
9731,922,0.8065505660209595,2024-08-18,mexico,9,33,Deportes,Vieja Líbano,0.590174696784244,0.5527607976751178,0.9486679928631487,Regular
9730,1490,0.36510877867994457,2025-08-31,centro,7,48,Moda,Vieja Sudáfrica,0.7031712473572939,0.34482413067441625,0.36488177026722174,Regular
9729,904,0.7965618419829527,2024-11-07,sur,4,34,Tecnologia,San Horacio los altos,0.6335929676198954,0.44252931155426395,0.24667254568199998,Regular
9728,1643,0.7836753169596127,2025-09-03,centro,6,70,Hogar,San Jorge Luis de la Montaña,0.14870368309780793,0.6852390019039983,0.3869485859600911,Regular
9727,858,0.17014779997494228,2025-11-08,mexico,31,56,Hogar,Vieja Lituania,0.8652720596417047,0.9865718007816414,0.7049896433625232,Regular
9726,19,0.4574847734097458,2025-04-02,centro,6,69,Tecnologia,Vieja República Checa,0.3661288527873595,0.7967732237699168,0.2034207665962552,Regular
9725,1581,0.44754656891471895,2025-01-30,sur,48,62,Hogar,San Ernesto los bajos,0.7215533548458885,0.9109129171259644,0.9639055802793215,Regular
9724,1571,0.21272567079849167,2025-04-21,centro,28,69,Tecnologia,San Alonso los altos,0.3211527762323356,0.30965026555767106,0.8304177518918807,Regular
9723,1212,0.46180924628883435,2024-12-08,norte,9,70,Hogar,Nueva Qatar,0.456047624346278,0.774726926545746,0.9638645638932752,Regular
9722,1160,0.9847249109845653,2025-04-08,norte,37,21,Moda,San Berta los altos,0.3123066651830422,0.6713097504759996,0.17944668895223642,Premium Joven
9721,1025,0.6110257892163004,2025-09-16,sur,42,69,Deportes,Nueva Madagascar,0.5090352731723601,0.6443531415973545,0.9674124812862738,Regular
9720,191,0.3887539455763067,2026-04-11,centro,29,60,Deportes,Vieja Turkmenistán,0.9677868031601202,0.6764204830143301,0.20520497938926602,Regular
9719,1442,0.7842552813130231,2024-07-25,mexico,21,51,Moda,Vieja Gambia,0.833448314231668,0.325784146708087,0.8344373577244109,Regular
9718,1770,0.5797541921116764,2026-04-05,mexico,41,64,Deportes,San Yeni los bajos,0.4789807499721821,0.3143601563282894,0.5158220709173315,Regular
9717,1423,0.2787304640927296,2025-05-16,centro,11,60,Moda,Nueva Botswana,0.7081673528429955,0.999899789558072,0.6070835298701831,Regular
9716,251,0.5341006915115043,2024-10-15,sur,8,37,Tecnologia,San Jorge Luis los altos,0.6607878046066541,0.8102014229882754,0.9454276983654969,Regular
9715,959,0.979000036374071,2026-03-22,norte,37,33,Deportes,Vieja República de Macedonia del Norte,0.4124513185712696,0.7121956107826435,0.7061381021718176,Regular
9714,669,0.5383261460863521,2026-05-04,centro,48,35,Moda,Nueva Nicaragua,0.3941582285523534,0.9506964625714,0.8084124607780808,Regular
9713,788,0.8064596308435955,2025-10-06,norte,15,56,Moda,San Camila los altos,0.7628908423278068,0.6356348331496141,0.8551301244847316,Regular
9712,36,0.5671606804376205,2025-12-29,mexico,30,54,Hogar,Vieja Bahamas,0.7533771002559252,0.7463673714801082,0.90888209839831,Regular
9711,1540,0.46132021711278787,2025-06-27,norte,3,49,Deportes,San Julio de la Montaña,0.8766885501279627,0.7856498647159034,0.0013125243534792136,Regular
9710,616,0.9152888303311253,2026-04-06,mexico,47,58,Hogar,San Juan Carlos de la Montaña,0.8054078112829642,0.29441827838460766,0.9035704764053238,Regular
9709,1725,0.0973572216676299,2026-03-04,mexico,11,65,Hogar,San Karina los bajos,0.38010459552687215,0.6980659384707886,0.8439941756731814,Regular
9708,382,0.4741218693039215,2025-07-23,sur,7,66,Moda,Vieja Tailandia,0.4697006787582063,0.8325483515382303,0.6884805479789176,Regular
9707,1866,0.9497108261359823,2025-06-25,mexico,32,61,Hogar,San Gerardo los altos,0.954289529320129,0.8429702374987473,0.6200241996677672,Regular
9706,876,0.7542992131075985,2025-05-24,sur,12,59,Hogar,Nueva India,0.025481250695448987,0.15753081471089286,0.8070589200385553,Regular
9705,1948,0.5539649758112428,2026-03-18,centro,3,45,Moda,San Liliana los bajos,0.1194058083898965,0.6255135785148812,0.2029285699637005,Regular
9704,636,0.6212186122079465,2024-07-01,mexico,50,60,Moda,Vieja Jamaica,0.6060309335707132,0.9240404850185389,0.019195668669633514,Regular
9703,1513,0.9577171633074539,2025-12-21,mexico,11,52,Hogar,Vieja Panamá,0.9177478580171359,0.8939773524401242,0.6893418920858883,Regular
9702,732,0.9205570082730804,2024-10-20,mexico,3,43,Hogar,Nueva Luxemburgo,0.8135417825748303,0.8634131676520693,0.6313242140235024,Regular
9701,404,0.4238508824753767,2025-02-19,mexico,9,47,Hogar,Vieja República Democrática del Congo,0.40011127183709805,0.8566990680428901,0.6873936137486926,Regular
9700,565,0.7841461591001864,2026-03-21,mexico,11,57,Hogar,Nueva Belarús,0.12422387893624123,0.08978855596753181,0.9077746559750619,Regular
9699,960,0.006755473287286455,2024-08-04,sur,13,34,Moda,Nueva Gambia,0.16914431957271617,0.7610983064435314,0.24702118496339287,Regular
9698,773,0.11904020951464864,2024-10-03,mexico,41,30,Deportes,San Amador los bajos,0.24642261043729832,0.42739753482312853,0.9900740345768133,Regular
9697,618,0.27876683816367526,2025-01-30,sur,21,34,Tecnologia,Nueva Arabia Saudita,0.5953154556581729,0.4231886962621505,0.182645967063842,Regular
9696,1018,0.22885150891770972,2024-10-31,centro,25,58,Hogar,Vieja San Vicente y las Granadinas,0.5149438077222656,0.1096302234692855,0.10469432538299049,Regular
9695,1344,0.8898188975423253,2025-06-01,sur,42,33,Tecnologia,Vieja Honduras,0.9898853900077891,0.9903797975749072,0.38754332355776133,Regular
9694,542,0.42368921993784076,2025-08-21,mexico,29,41,Moda,Vieja Argentina,0.7024145988650272,0.9255436416474596,0.05188572834847521,Regular
9693,850,0.17537354150079415,2024-12-05,mexico,43,30,Tecnologia,San Ofelia los bajos,0.759374652275509,0.4116644954404249,0.9018272799983592,Regular
9692,454,0.8872989827384825,2025-07-30,norte,29,34,Deportes,San Timoteo los altos,0.793045510181373,0.2537328389618198,0.22876889317282256,Regular
9691,653,0.6138952992575648,2025-07-12,centro,13,35,Tecnologia,Nueva Andorra,0.7842550350506287,0.9778534923339012,0.3717315067369414,Regular
9690,767,0.36872395717559375,2025-08-22,norte,18,65,Tecnologia,San Federico los altos,0.10263714253922332,0.3969335604770017,0.6688336990627755,Regular
9689,460,0.8583048066313972,2025-09-09,centro,28,46,Moda,San Carlota de la Montaña,0.3353955713808835,0.2517286301232588,0.9019298209634748,Regular
9688,861,0.5421939222969013,2025-12-16,sur,28,67,Deportes,San Minerva de la Montaña,0.8705352175364415,0.438520893877142,0.3599392957486516,Regular
9687,1430,0.18982617235651436,2025-07-18,sur,33,43,Tecnologia,Vieja Libia,0.1548125069544898,0.440725523599559,0.9401365845655338,Regular
9686,1262,0.11932513973705586,2026-01-12,sur,8,39,Moda,Vieja Tuvalu,0.9322910871258485,0.77452650566189,0.7150796743298947,Regular
9685,966,0.950038192774493,2025-06-11,mexico,34,47,Tecnologia,San Natalia de la Montaña,0.012529208857238239,0.2616494638741357,0.4077028772994811,Regular
9684,1586,0.7215787155103079,2025-09-16,centro,14,49,Tecnologia,San Samuel los altos,0.538477801268499,0.6808297424591642,0.1491355796640758,Regular
9683,1465,0.16528984072198488,2024-10-25,mexico,3,30,Tecnologia,Vieja Camboya,0.8518415489039723,0.9166249123158633,0.4350197904062673,Regular
9682,921,0.2286575138726665,2024-07-15,centro,34,47,Deportes,Nueva Egipto,0.5646711917213754,0.18408658182182583,0.6808104837882734,Regular
9681,702,0.9363979161698912,2024-10-11,mexico,8,42,Moda,Nueva Sri Lanka,0.9890174696784244,0.2535324180779637,0.2168126166403478,Regular
9680,728,0.39316127050588245,2026-04-13,sur,15,18,Moda,San Ernesto los altos,0.06193390452876377,0.9943882152520293,0.5683230450565,Premium Joven
9679,273,0.3741659223454001,2025-10-11,centro,50,35,Tecnologia,Nueva Zambia,0.9336597307221541,0.1463072452149514,0.6185681179631262,Regular
9678,1960,0.4360907573485727,2026-02-06,sur,40,58,Tecnologia,San Gilberto los altos,0.19350172471347502,0.43771921034171757,0.31637989376756015,Regular
9677,1325,0.5372611941203335,2024-07-01,sur,5,43,Deportes,San Isabel de la Montaña,0.4494046956715255,0.4586631927046798,0.4921145997826131,Regular
9676,424,0.3369208944788202,2025-08-10,sur,35,22,Deportes,Vieja Islandia,0.40588628018248585,0.4665798176169957,0.015524702118496339,Premium Joven
9675,714,0.018213305635151902,2026-03-18,sur,7,46,Hogar,Vieja Letonia,0.4088238566818738,0.4845174867221164,0.6582719796558725,Regular
9674,581,0.6708126371605592,2026-02-19,centro,7,61,Tecnologia,Nueva España,0.4519305663736508,0.6695059625212947,0.39640286294374605,Regular
9673,863,0.1392379227980552,2026-01-08,centro,12,69,Hogar,San Yolanda de la Montaña,0.8344275063981306,0.14189798577011725,0.8142162794036216,Regular
9672,1497,0.8413827805148143,2024-06-20,mexico,20,43,Tecnologia,San Gustavo los altos,0.36265717146990095,0.15973544443330995,0.17308914911507145,Regular
9671,1714,0.769087293728706,2025-11-15,mexico,31,60,Tecnologia,San Marcos los bajos,0.5874930455101813,0.45305140795670906,0.4201923668505568,Regular
9670,1708,0.7317109150503781,2026-01-04,centro,50,28,Hogar,Nueva Serbia,0.460509625013909,0.3072452149513979,0.48766432189659764,Premium Joven
9669,1830,0.8740446754422481,2025-05-03,sur,11,67,Hogar,Vieja Estados Unidos de América,0.9362523645265384,0.2680629321575308,0.3999507803367445,Regular
9668,1186,0.7477599634642665,2025-05-27,centro,45,34,Hogar,San Octavio de la Montaña,0.33554022476911094,0.7878544944383205,0.9024835421750989,Regular
9667,308,0.5646791604864425,2025-10-19,sur,33,38,Deportes,Vieja Eslovaquia,0.9159452542561477,0.7689147209139192,0.6111851684748056,Regular
9666,1896,0.4742350330801967,2025-05-30,norte,28,62,Tecnologia,Vieja Letonia,0.6955268721486592,0.7607976751177472,0.9275240458563195,Regular
9665,221,0.7835520492747414,2025-11-06,sur,11,51,Deportes,San Amador los bajos,0.6339379103148993,0.11163443230784648,0.08035110026455569,Regular
9664,123,0.6022737835904441,2024-06-17,mexico,37,46,Moda,Nueva Federación de Rusia,0.49063091131634584,0.046096803286902494,0.40384733701113595,Regular
9663,1385,0.05769331808316729,2025-04-17,mexico,29,51,Moda,Vieja Angola,0.6272393457215979,0.24421284697865517,0.22017596029613828,Regular
9662,658,0.5237583306726373,2024-09-11,sur,23,60,Tecnologia,San Araceli los bajos,0.9254256147769,0.052911113338009824,0.585796025512192,Regular
9661,1448,0.9967748323761564,2026-01-04,norte,11,35,Hogar,Nueva Guinea Ecuatorial,0.4430399465895182,0.2719711393927247,0.7660015176062837,Regular
9660,686,0.8460689733216398,2024-11-09,sur,21,39,Hogar,San Violeta los bajos,0.4921998442194281,0.8925744062531316,0.02116445519985234,Regular
9659,708,0.2849261808437976,2026-01-08,mexico,32,33,Deportes,San Carla los bajos,0.30703238010459555,0.7791361859905802,0.9368552736818359,Regular
9658,462,0.1867161892906652,2025-04-03,sur,35,46,Moda,San Roberto los altos,0.8129854233893401,0.756087784347129,0.8724800557822849,Regular
9657,1845,0.14817381956035872,2025-03-17,sur,25,39,Hogar,San Itzel de la Montaña,0.053354845888505614,0.9772522296823328,0.22267795984495803,Regular
9656,873,0.04421066245266318,2025-03-06,mexico,16,52,Moda,Nueva Afganistán,0.24223878936241236,0.6012626515682934,0.3479009864440844,Regular
9655,969,0.7819819018789228,2026-02-07,sur,27,22,Hogar,San Mercedes los altos,0.2761878268610215,0.025954504459364668,0.9023604930169602,Premium Joven
9654,220,0.950644427290253,2025-05-04,norte,18,20,Deportes,Vieja México,0.01947257149215534,0.37037779336606874,0.36182604950677794,Premium Joven
9653,886,0.7318826814965101,2026-01-31,mexico,30,25,Tecnologia,San Francisco Javier los bajos,0.6435740514075887,0.6366369375688946,0.5664567994913967,Premium Joven
9652,334,0.38503772799469743,2025-04-01,mexico,31,39,Tecnologia,San María Luisa los bajos,0.27876933348169575,0.7861509169255436,0.07967432989479296,Regular
9651,222,0.09568199362241288,2025-11-26,mexico,48,53,Hogar,Nueva Pakistán,0.7597529765216424,0.7859504960416875,0.8525666003568425,Regular
9650,1808,0.46323187661915133,2026-01-20,sur,46,62,Tecnologia,Vieja Belice,0.2117614331812618,0.7202124461368874,0.791370152375874,Regular
9649,240,0.32011607370195083,2026-02-15,centro,20,23,Hogar,Nueva Haití,0.6278179592745077,0.8976851387914621,0.09889050675744959,Premium Joven
9648,752,0.07139017657590661,2025-01-03,sur,39,55,Hogar,Nueva Irán,0.5060865694892622,0.04309049002906103,0.4490679026270995,Regular
9647,1582,0.5185588593091351,2026-03-06,mexico,10,42,Hogar,Vieja Mali,0.5578391009235563,0.3174666800280589,0.44978568938290847,Regular
9646,705,0.7092539678049057,2026-01-30,mexico,35,57,Hogar,San Rafaél los bajos,0.294124847001224,0.5407355446437518,0.8104837882734152,Regular
9645,1192,0.8183579936062467,2025-09-01,mexico,5,61,Deportes,Vieja Burundi,0.48534549905418944,0.5703978354544543,0.4983490904616394,Regular
9644,815,0.18134293069931173,2025-01-24,mexico,41,70,Deportes,San Judith de la Montaña,0.3089128741515522,0.057019741457059826,0.31264740263735363,Regular
9643,545,0.6729789151635418,2025-11-03,mexico,20,30,Deportes,San Rubén de la Montaña,0.27961499944364077,0.8691251628419681,0.6810975984905969,Regular
9642,1026,0.11372555359315198,2024-12-02,mexico,26,35,Deportes,Vieja Camboya,0.24536552798486702,0.26365367271269663,0.8188921474128914,Regular
9641,1846,0.727905783073124,2026-04-12,mexico,31,24,Moda,San Estela de la Montaña,0.4189941025926338,0.22256739152219662,0.4809581427780398,Premium Joven
9640,355,0.3790178192531999,2025-11-02,norte,4,37,Hogar,Vieja Camerún,0.6502169800823412,0.9155225974546547,0.27519944217714976,Regular
9639,853,0.16172518176931563,2024-09-28,mexico,4,39,Moda,San José Eduardo de la Montaña,0.2303104484255035,0.5534622707686141,0.24716474231455465,Regular
9638,1840,0.01228231128929915,2025-08-11,sur,3,26,Tecnologia,San Gabriel de la Montaña,0.7980527428507844,0.639242409059024,0.14599782613153955,Regular
9637,1246,0.04490581136406807,2026-04-02,sur,43,35,Moda,San María José de la Montaña,0.10922443529542672,0.9528008818518889,0.8105042964664383,Regular
9636,792,0.5070040294387481,2025-12-17,mexico,43,61,Tecnologia,San Rebeca de la Montaña,0.4367642149771893,0.23559474897284297,0.7833309407108139,Regular
9635,145,0.3237009404718121,2025-05-19,mexico,42,61,Tecnologia,Vieja Timor-Leste,0.2593412707243796,0.6566790259545044,0.6093189229097024,Regular
9634,1813,0.15409066843417707,2025-12-16,mexico,1,55,Moda,San Gerardo los altos,0.5752753977968176,0.3931255636837358,0.5341974118660404,Regular
9633,1871,0.20615408864765242,2025-04-05,centro,45,68,Tecnologia,Nueva Vietman,0.5653944586625125,0.18809499949894778,0.5708455527983429,Regular
9632,1615,0.623827441407434,2024-12-16,mexico,3,48,Moda,San Jacinto los altos,0.16893290308222988,0.2667601964124662,0.49213510797563625,Regular
9631,763,0.29723072073200796,2025-11-19,sur,24,51,Tecnologia,Nueva Dinamarca,0.8876154445309892,0.6483615592744764,0.6060581202190274,Regular
9630,419,0.6276244902578113,2025-01-19,norte,50,69,Hogar,San Indira los altos,0.5253477244909314,0.3376089788555967,0.1349439100920818,Regular
9629,136,0.7378298420961165,2026-05-17,norte,35,48,Deportes,San Rubén los altos,0.25453432736174475,0.4649764505461469,0.6887881708742642,Regular
9628,1882,0.5224670511540684,2026-02-11,mexico,9,62,Tecnologia,San Alfredo los altos,0.3709357961499944,0.7741256638941777,0.9768052336908595,Regular
9627,304,0.2596583262269176,2025-03-30,mexico,28,32,Tecnologia,San Genaro de la Montaña,1.0,0.5884357150015032,0.7129058058694447,Regular
9626,854,0.9308144962797409,2026-04-02,mexico,22,39,Hogar,Vieja San Marino,0.4725603649716257,0.7512776831345825,0.8798835134636286,Regular
9625,1965,0.34012181272203335,2024-11-26,mexico,14,38,Moda,Nueva Nueva Zelandia,0.8017580950261489,0.24170758593045394,0.37823260392526814,Regular
9624,1040,0.9447599109239417,2025-10-30,norte,1,52,Moda,Nueva Rumania,0.2542227662178702,0.06203026355346227,0.6507659810094132,Regular
9623,614,0.6036721645401307,2024-07-21,centro,27,45,Hogar,San Alonso los bajos,0.501301880494047,0.805190900891873,0.9804351838559504,Regular
9622,1978,0.3523414797780373,2025-03-03,mexico,17,41,Moda,Vieja Lesotho,0.41597863580727723,0.7314360156328289,0.9138245729168802,Regular
9621,1482,0.7200409006219967,2024-07-24,mexico,20,22,Deportes,San Ernesto los bajos,0.9467341715811728,0.36105822226676015,0.7641967966202498,Premium Joven
9620,1333,0.3625423858965602,2024-12-07,mexico,33,34,Moda,San Sara de la Montaña,0.7330254812506954,0.0776630924942379,0.8648099915916407,Regular
9619,1204,0.2687073867654964,2024-12-13,norte,9,40,Hogar,San Concepción los bajos,0.48228552353399357,0.5420382803888165,0.2239084514263448,Regular
9618,380,0.36115612963718885,2025-05-07,centro,25,33,Hogar,San Arcelia de la Montaña,0.4891064871481028,0.4192804890269566,0.718237936055454,Regular
9617,1007,0.17967780656269072,2026-03-22,mexico,10,32,Deportes,San Víctor los bajos,0.19463669745187492,0.3625613788956809,0.8965566743914193,Regular
9616,642,0.21708045540336823,2024-12-14,sur,34,34,Moda,Vieja Kuwait,0.9015466785356625,0.7365467481711594,0.13090379606652858,Regular
9615,1998,0.7276471230130663,2025-10-26,sur,20,20,Hogar,San Gabriel los bajos,0.5725826193390453,0.7364465377292313,0.4943499928221325,Premium Joven
9614,215,0.37567140472620425,2025-07-13,norte,40,30,Hogar,San Anabel los bajos,0.30369422499165455,0.7885559675318168,0.02590184778819138,Regular
9613,919,0.3565568304442891,2025-05-26,mexico,24,44,Tecnologia,Nueva Sudáfrica,0.5297985979748526,0.23759895781140394,1.0,Regular
9612,1729,0.5443076599751848,2025-10-24,norte,35,49,Moda,Nueva México,0.7427506398130633,0.17085880348732338,0.7150591661368716,Regular
9611,879,0.888161856532581,2024-11-12,mexico,5,55,Moda,Nueva Chile,0.5156336931122733,0.7313358051909009,0.9634338918397899,Regular
9610,364,0.9261161787826003,2026-05-03,mexico,25,61,Tecnologia,Vieja Chad,0.20056748636919994,0.28850586231085273,0.06831279095998852,Regular
9609,1903,0.6270829207570656,2026-03-15,mexico,1,42,Hogar,San Claudia de la Montaña,0.4965839546010905,0.7773323980358753,0.0874674432435758,Regular
9608,218,0.880723359024205,2026-05-21,norte,2,44,Tecnologia,San Nancy los altos,0.7469122065205297,0.24050506062731736,0.9760464305490042,Regular
9607,1975,0.12624631712531675,2024-11-29,mexico,49,46,Hogar,Vieja Uruguay,0.200111271837098,0.9451848882653572,0.5633805705379298,Regular
9606,409,0.35982443448423584,2024-11-01,sur,13,18,Deportes,Vieja Comoras,0.12785134082563704,0.6468584026455556,0.1781751809848034,Premium Joven
9605,1864,0.8341019039805359,2024-07-13,mexico,8,54,Moda,San Miguel Ángel los altos,0.6558695894069211,0.35344222868022845,0.770615861036484,Regular
9604,191,0.13021917398526445,2025-06-05,mexico,4,60,Deportes,Vieja Turkmenistán,0.9677868031601202,0.6764204830143301,0.20520497938926602,Regular
9603,52,0.6158817276875387,2026-01-29,mexico,31,55,Deportes,San Diana los bajos,0.870902414598865,0.7443631626415472,0.9666741863374417,Regular
9602,1810,0.1480667181292411,2024-09-30,norte,22,34,Tecnologia,San Armando los altos,0.647179258929565,0.8608076961619401,0.8325916203523307,Regular
9601,1517,0.4966050867117435,2024-09-01,centro,13,46,Moda,San Raquel de la Montaña,0.332257705574719,0.13889167251227577,0.5631549804146756,Regular
9600,323,0.8958994297353987,2026-03-15,mexico,7,62,Deportes,Nueva China,0.09261155001669077,0.565587734241908,0.4696171120362585,Regular
9599,1687,0.7208189015838887,2024-12-20,mexico,32,55,Deportes,San Yeni los bajos,0.32829642817402915,0.0,0.22267795984495803,Regular
9598,1171,0.40885668211891085,2024-06-19,sur,46,30,Hogar,Nueva Nigeria,0.3405919661733615,0.9192303838059925,0.4368245113923012,Regular
9597,1970,0.30996164556296957,2025-07-08,centro,47,43,Moda,San Yolanda de la Montaña,0.27380660954712366,0.08337508768413669,0.8645228768893172,Regular
9596,663,0.37136511888258855,2025-03-12,centro,19,65,Deportes,Vieja Francia,0.23572938689217757,0.8122056318268364,0.7498205533110477,Regular
9595,81,0.4313621281256441,2025-11-03,mexico,8,33,Moda,Nueva Cuba,0.6714031378658062,0.9348632127467682,0.4221201369947294,Regular
9594,752,0.9227495564384125,2026-05-03,norte,8,55,Hogar,Nueva Irán,0.5060865694892622,0.04309049002906103,0.4490679026270995,Regular
9593,433,0.9184735823205848,2026-02-10,centro,26,62,Tecnologia,San Alicia los altos,0.9884054745743851,0.7022747770317667,0.43239474169930886,Regular
9592,1206,0.1559295797986493,2026-05-22,sur,11,28,Moda,Nueva Nigeria,0.7677311672415712,0.8961819821625413,0.3580935583765714,Regular
9591,1901,0.9364120616419256,2025-05-29,centro,11,52,Tecnologia,San Cristobal los bajos,0.4912095248692556,0.5491532217657079,0.9616086626607329,Regular
9590,1299,0.35592836732961775,2025-05-09,mexico,45,38,Moda,San Jos los altos,0.7384889284522087,0.5298126064735945,0.16683415024302206,Regular
9589,834,0.3267725286849965,2025-01-21,mexico,2,63,Deportes,Vieja Japón,0.022999888728162915,0.49874736947589937,0.1961403580730502,Regular
9588,1351,0.6699012646051998,2025-03-15,centro,41,32,Hogar,Nueva Bosnia y Herzegovina,0.5476466006453766,0.6284196813307946,0.1870347203707881,Regular
9587,1327,0.32818101354327905,2025-02-16,mexico,43,28,Tecnologia,San Noemí los bajos,0.19082007343941246,0.3060426896482613,0.30138840466766476,Premium Joven
9586,899,0.907092539678049,2025-02-05,mexico,29,33,Hogar,Vieja Guinea Bissau,0.5515744964949372,0.2968233289908808,0.5963782531121182,Regular
9585,889,0.6564004219392229,2024-12-25,norte,31,59,Tecnologia,Nueva Rumania,0.6470234783576276,0.7310351738651167,0.9544513032956665,Regular
9584,701,0.5962538748489465,2025-06-23,mexico,39,51,Hogar,San Juan Carlos los altos,0.7746522755090687,0.46327287303337006,0.8550070753265929,Regular
9583,330,0.908212052750486,2025-12-02,sur,21,66,Deportes,Vieja Dominicana,0.8215422276621787,0.20663393125563684,0.35015688767662684,Regular
9582,306,0.3797331759817968,2026-05-18,norte,5,26,Moda,San Daniela los bajos,0.8234004673417158,0.4659785549654274,0.5261582002009803,Premium Joven
9581,1314,0.2764793132575405,2026-02-05,norte,38,69,Hogar,San Jacinto los bajos,0.0686213419383554,0.1014129672311855,0.0007793113348782826,Regular
9580,350,0.7307328566982851,2026-03-27,mexico,14,48,Tecnologia,San Amelia de la Montaña,0.41588961833759874,0.5189898787453653,0.5955169090051475,Regular
9579,750,0.24240489190838582,2026-04-02,norte,8,53,Tecnologia,Nueva Omán,0.9236675197507511,0.7531816815312156,0.918151801644757,Regular
9578,846,0.365436145318455,2025-02-17,norte,43,44,Hogar,Vieja Austria,0.17674418604651163,0.23038380599258443,0.2375669079797379,Regular
9577,1137,0.6623051461227261,2026-04-28,mexico,35,19,Deportes,San Germán de la Montaña,0.7128630243685323,0.0959013929251428,0.5799101741145587,Premium Joven
9576,687,0.5362912188951173,2024-09-23,norte,3,58,Hogar,San Sandra los altos,0.36916657394013574,0.7492734742960216,0.1515965628268493,Regular
9575,1519,0.0863823561506533,2025-03-22,mexico,27,24,Hogar,Vieja Sudán,0.6777901413152331,0.1629421785750075,0.6577387666372715,Regular
9574,743,0.6700184699449135,2025-10-16,centro,46,60,Tecnologia,San Marco Antonio los bajos,0.0,0.8940775628820523,0.9747544143885482,Regular
9573,1770,0.4999373557667047,2025-07-07,norte,2,64,Deportes,San Yeni los bajos,0.4789807499721821,0.3143601563282894,0.5158220709173315,Regular
9572,1179,0.39997534646302574,2026-04-06,mexico,7,40,Moda,Nueva Etiopía,0.46277957049070884,0.19801583324982464,0.5092594491499354,Regular
9571,690,0.27366032275925617,2024-12-17,sur,2,60,Moda,Nueva Federación de Rusia,0.9379993323689775,0.6740154324080568,0.058632923853079305,Regular
9570,847,0.6827150414866487,2024-07-11,mexico,47,42,Hogar,Vieja Burkina Faso,0.24826972293312563,0.07646056719110131,0.8909579376961095,Regular
9569,1960,0.01856492165429275,2025-05-10,sur,18,58,Tecnologia,San Gilberto los altos,0.19350172471347502,0.43771921034171757,0.31637989376756015,Regular
9568,1712,0.1877791204749645,2024-07-22,mexico,33,63,Moda,San Soledad los bajos,0.6115722710581952,0.6461569295520593,0.9617317118188715,Regular
9567,1295,0.24302729267789952,2025-01-08,norte,36,49,Hogar,San Arcelia de la Montaña,0.4208412150884612,0.6019641246617897,0.8610159758823649,Regular
9566,57,0.0,2025-06-19,mexico,40,35,Tecnologia,San Graciela los altos,0.30442861911650165,0.5565687944683836,0.5091363999917966,Regular
9565,25,0.7329193425184598,2025-10-15,mexico,18,33,Moda,San Aurelio de la Montaña,0.09135417825748304,0.4620703477302335,0.41574208896454135,Regular
9564,1079,0.16522517570697046,2026-03-09,mexico,14,26,Deportes,San Jaime los bajos,0.5967397351730277,0.24491432007215153,0.43077459445048294,Regular
9563,1888,0.18793876223078135,2026-03-05,sur,36,39,Hogar,Vieja Brasil,0.23440525203071103,0.953001302735745,0.11993191279916325,Regular
9562,797,0.8772940924467221,2025-10-01,mexico,30,70,Moda,Vieja Costa Rica,0.045988650272616005,0.11113338009820624,0.8751256126822665,Regular
9561,102,0.4772884342579083,2025-11-23,centro,14,63,Tecnologia,San Anabel los altos,0.3783019917658841,0.4186792263753883,0.712044461762474,Regular
9560,754,0.4410497556874901,2025-04-24,mexico,29,53,Tecnologia,Nueva Tonga,0.7332257705574718,0.8654173764906303,0.5930969422284201,Regular
9559,1031,0.5182658459598511,2024-11-10,centro,9,25,Hogar,Nueva Estonia,0.8113719817514187,0.4400240505060627,0.8543918295358995,Premium Joven
9558,1550,0.18735677709565168,2024-11-09,centro,46,65,Tecnologia,Nueva Camerún,0.5384110381662401,0.8494839162240705,0.1815385246405939,Regular
9557,1457,0.02616912326364331,2024-10-18,mexico,49,60,Moda,San Jacinto los altos,0.12316679648380996,0.09900791662491232,0.216115338077562,Regular
9556,921,0.24761648796220326,2025-08-04,mexico,12,47,Deportes,Nueva Egipto,0.5646711917213754,0.18408658182182583,0.6808104837882734,Regular
9555,527,0.8014198012359101,2026-05-02,mexico,32,34,Deportes,Nueva Sri Lanka,0.9367864693446089,0.7605972542338911,0.2924673407026107,Regular
9554,1378,0.1995663402430596,2024-11-09,mexico,35,18,Deportes,Vieja Malawi,0.17675531323022145,0.6460567191101313,0.7638481573388568,Premium Joven
9553,363,0.4534997918594829,2025-02-10,mexico,28,38,Tecnologia,Vieja Mozambique,0.0657505285412262,0.9186291211544243,0.07754147782038924,Regular
9552,1319,0.9294201568934926,2024-07-23,mexico,13,61,Tecnologia,Nueva Egipto,0.18590185823967956,0.7122958212245716,0.5950862369516621,Regular
9551,977,0.15321769073148256,2024-12-08,sur,50,52,Tecnologia,Vieja Micronesia,0.9038833871147212,0.4531516183986371,0.14244990873854102,Regular
9550,1231,0.3527759478476654,2024-09-28,sur,18,43,Tecnologia,Vieja Congo,0.16521642372315568,0.8855596753181681,0.4541334263038084,Regular
9549,726,0.40631049715271855,2025-07-02,centro,28,27,Moda,San Eloisa los bajos,0.388416601758095,0.7329391722617496,0.8997559525030249,Premium Joven
9548,52,0.2756689797881412,2024-06-29,mexico,20,55,Deportes,San Diana los bajos,0.870902414598865,0.7443631626415472,0.9666741863374417,Regular
9547,71,0.9046332483257823,2026-04-06,mexico,45,58,Tecnologia,Nueva República Unida de Tanzanía,0.7339824190497385,0.6170959013929251,0.5945120075470149,Regular
9546,492,0.9555003657614912,2025-06-04,norte,31,22,Hogar,Vieja Mauritania,0.37311672415711583,0.7889568092995289,0.8878406923565964,Premium Joven
9545,1773,0.09457056367685274,2026-05-31,sur,8,65,Deportes,San Concepción de la Montaña,0.9684099254478691,0.393526405451448,0.5542749328356678,Regular
9544,322,0.8114974396695618,2025-07-01,norte,43,48,Hogar,Nueva Bhután,0.06676310225881829,0.07906603868123059,0.27790652365620067,Regular
9543,410,0.07505789539625508,2026-02-03,mexico,12,59,Moda,Vieja Qatar,0.5938355402247691,0.6097805391321776,0.5491273763868665,Regular
9542,1368,0.6218975948655978,2025-05-18,sur,47,45,Tecnologia,San Elvira de la Montaña,0.8155891843774341,0.17216153923238803,0.006583129960419185,Regular
9541,1323,0.36187754871094335,2025-05-18,mexico,4,43,Deportes,San Olga los altos,0.8163124513185712,0.3498346527708187,0.7930108078177232,Regular
9540,559,0.8570680882192466,2024-07-17,sur,35,18,Deportes,San Eloy los altos,0.12138644709024146,0.10782643551458063,0.21271097803572525,Premium Joven
9539,1200,0.8468106002125861,2025-03-21,norte,50,69,Hogar,San Lorenzo los bajos,0.9188271948369868,0.5295119751478103,0.9468632718771148,Regular
9538,1475,0.17924333849306265,2024-08-18,mexico,7,28,Hogar,San Yuridia los bajos,0.012851897184822533,0.31245615793165643,0.8282438834314307,Regular
9537,1445,0.737684345812334,2025-10-20,mexico,48,39,Moda,San Dalia los altos,0.3476020919105375,0.1737649063032368,0.26123336272841,Regular
9536,1696,0.5276564186089746,2024-09-05,centro,12,67,Tecnologia,Vieja Chad,0.7453544008011572,0.9542038280388816,0.5433440659543487,Regular
9535,1141,0.009827061500470842,2025-05-30,mexico,24,38,Tecnologia,San Fernando los altos,0.03837765661511072,0.6823328990880849,0.772625663952749,Regular
9534,256,0.8031839436767719,2024-07-17,mexico,40,56,Hogar,Nueva Maldivas,0.1313897852453544,0.2383004309049003,0.1829946063452349,Regular
9533,1813,0.6941688322710757,2024-08-15,mexico,15,55,Moda,San Gerardo los altos,0.5752753977968176,0.3931255636837358,0.5341974118660404,Regular
9532,846,0.43796402200227136,2025-08-07,norte,2,44,Hogar,Vieja Austria,0.17674418604651163,0.23038380599258443,0.2375669079797379,Regular
9531,1207,0.8897724195627836,2026-02-03,mexico,29,54,Hogar,Vieja Burundi,0.8207744519862022,0.8636135885359254,0.20709173314739238,Regular
9530,1217,0.8784802913158926,2025-04-03,mexico,36,40,Tecnologia,San Adán los altos,0.022165349949927665,0.0682433109530013,0.704579479502061,Regular
9529,1339,0.8369107905702241,2025-08-15,mexico,11,37,Moda,Nueva El Salvador,0.366384778012685,0.4295019541036176,0.3019216176862657,Regular
9528,585,0.5813122148171799,2024-12-04,mexico,40,40,Tecnologia,San Linda de la Montaña,0.18495604762434628,0.12195610782643551,0.06000697278562786,Regular
9527,466,0.28648016198586257,2026-02-20,norte,3,20,Hogar,Vieja Grecia,0.3149883164571047,0.9479907806393426,0.14671561288734847,Premium Joven
9526,1167,0.4534654385702565,2025-12-08,centro,46,63,Hogar,San Enrique los bajos,0.9070880160231445,0.8482813909209339,0.8353397182174278,Regular
9525,397,0.31750522372074413,2026-04-05,mexico,36,24,Tecnologia,San Aldo de la Montaña,0.9810726605096249,0.797174065537629,0.6490432927954717,Premium Joven
9524,1275,0.9655113183984092,2024-12-02,mexico,33,47,Deportes,Vieja Zimbabwe,0.4795927450762212,0.4133680729532017,0.19897048871023976,Regular
9523,1576,0.4610211414183462,2025-09-05,centro,24,52,Deportes,Nueva Reino Unido de Gran Bretaña e Irlanda del Norte,0.7389785245354401,0.009419781541236596,0.9439716166608559,Regular
9522,38,0.4557448803495143,2024-09-15,norte,15,63,Moda,Nueva Iraq,0.8049627239345721,0.9081070247519791,0.9692377104653308,Regular
9521,641,0.13793451858917102,2025-01-22,mexico,31,66,Deportes,San Micaela los bajos,0.2906309113163458,0.903898186191001,0.9339431102725538,Regular
9520,123,0.5056541472503222,2024-09-30,centro,18,46,Moda,Nueva Federación de Rusia,0.49063091131634584,0.046096803286902494,0.40384733701113595,Regular
9519,1785,0.1014169721415032,2025-06-28,norte,28,53,Moda,San Marisol de la Montaña,0.9310337153666406,0.9196312255737047,0.6789237300301469,Regular
9518,642,0.8838191966180197,2024-12-16,mexico,25,34,Moda,Vieja Kuwait,0.9015466785356625,0.7365467481711594,0.13090379606652858,Regular
9517,1281,0.4045483754935759,2026-05-03,centro,20,50,Deportes,San Felix los bajos,0.9832313341493268,0.4190800681431005,0.4023502389204487,Regular
9516,84,0.7285847657307752,2025-04-27,norte,13,45,Tecnologia,Nueva Lesotho,0.7670190274841437,0.26435514580619296,0.2029285699637005,Regular
9515,134,0.1652393211790049,2025-03-10,mexico,8,56,Moda,Nueva Islandia,0.2517080226994548,0.2984266960617296,0.40302700929021146,Regular
9514,642,0.032391110177060894,2026-04-05,mexico,27,34,Moda,Vieja Kuwait,0.9015466785356625,0.7365467481711594,0.13090379606652858,Regular
9513,107,0.40176171750279877,2025-02-15,mexico,35,29,Deportes,Nueva Paraguay,0.6469567152553689,0.8904699869726426,0.07830028096224441,Premium Joven
9512,1814,0.8952689458390083,2025-12-06,sur,27,67,Tecnologia,San Adriana los altos,0.5025147435184155,0.979657280288606,0.036955763827649146,Regular
9511,1927,0.41961734477365226,2024-09-20,norte,24,63,Tecnologia,Vieja Kiribati,0.5048403249137643,0.9424792063332998,0.38713315969729906,Regular
9510,1428,0.39161133092725586,2025-02-06,mexico,5,64,Tecnologia,Nueva China,0.37209302325581395,0.870928950796673,0.38366727507639303,Regular
9509,1232,0.06483273989710178,2025-06-07,centro,32,64,Deportes,Vieja Letonia,0.4610103482808501,0.6559775528610081,0.004532310658107913,Regular
9508,1853,0.3199240994386268,2025-07-24,centro,38,32,Deportes,San Victoria los altos,0.10502948703683099,0.14871229582122458,0.8715982034822911,Regular
9507,552,0.39387662723447936,2024-12-27,sur,34,35,Tecnologia,San Alejandro los altos,0.36392567041281854,0.1094298025854294,0.5511371793031316,Regular
9506,1542,0.5964094750413249,2026-04-08,mexico,43,64,Tecnologia,San Alejandra de la Montaña,0.05139646155558028,0.7755286100811705,0.8480547978917576,Regular
9505,95,0.6282084961746602,2025-11-19,mexico,6,62,Hogar,Nueva Panamá,0.10971403137865807,0.28319470888866616,0.15762597157564445,Regular
9504,1103,0.8668062353240727,2025-04-07,centro,19,52,Moda,San Micaela los bajos,0.34729053076666294,0.16073754885259045,0.30510038760484814,Regular
9503,1576,0.9259585578085026,2026-04-24,centro,6,52,Deportes,Nueva Reino Unido de Gran Bretaña e Irlanda del Norte,0.7389785245354401,0.009419781541236596,0.9439716166608559,Regular
9502,1924,0.5009032894284825,2026-02-15,sur,8,19,Tecnologia,San Aida de la Montaña,0.8847557583175698,0.9863713798977853,0.6766883369906277,Premium Joven
9501,790,0.0018288074558762309,2025-10-10,mexico,39,50,Deportes,Nueva Filipinas,0.027383999109825308,0.2627517787353442,0.6830663850208157,Regular
